condition,final_test_mse
FIXED  (x0=5.0),0.00701951514929533
LOW    (+-0.1),0.006823475006967783
"HIGH   ([1,10])",7.403922791127115e-05
