condition,final_test_mse
FIXED  (x0=5.0),0.0061806258745491505
LOW    (+-0.1),0.007494552526623011
"HIGH   ([1,10])",8.175956463674083e-05
